Major,Apartment
STEM,University View
STEM,University View
STEM,University View
STEM,University View
STEM,The Varsity
STEM,University View
STEM,University View
STEM,University View
STEM,The Varsity
STEM,The Varsity
STEM,The Varsity
STEM,The Varsity
STEM,University View
STEM,University View
STEM,The Varsity
STEM,University View
STEM,The Varsity
STEM,University View
STEM,University View
STEM,University View
Business,Terrapin Row 
Business,South Campus Commons
Business,South Campus Commons
Business,South Campus Commons
Business,Terrapin Row 
Business,Terrapin Row 
Business,South Campus Commons
Business,Terrapin Row 
Business,Terrapin Row 
Business,Terrapin Row 
Business,South Campus Commons
Business,South Campus Commons
Business,South Campus Commons
Business,Terrapin Row 
Business,Terrapin Row 
Business,South Campus Commons
Business,Terrapin Row 
Business,South Campus Commons
Business,Terrapin Row 
Business,South Campus Commons
Public Policy,South Campus Commons
Public Policy,South Campus Commons
Public Policy,South Campus Commons
Public Policy,Terrapin Row 
Public Policy,Terrapin Row 
Public Policy,Terrapin Row 
Public Policy,South Campus Commons
Public Policy,South Campus Commons
Public Policy,Terrapin Row 
Public Policy,Terrapin Row 
Public Policy,South Campus Commons
Public Policy,South Campus Commons
Public Policy,Terrapin Row 
Public Policy,Terrapin Row 
Public Policy,Terrapin Row 
Public Policy,South Campus Commons
Public Policy,South Campus Commons
Public Policy,South Campus Commons
Public Policy,Terrapin Row 
Public Policy,Terrapin Row 
Fine Arts,The Varsity
Fine Arts,University View
Fine Arts,University View
Fine Arts,The Varsity
Fine Arts,The Varsity
Fine Arts,The Varsity
Fine Arts,University View
Fine Arts,University View
Fine Arts,The Varsity
Fine Arts,University View
Fine Arts,University View
Fine Arts,The Varsity
Fine Arts,The Varsity
Fine Arts,University View
Fine Arts,The Varsity
Fine Arts,University View
Fine Arts,The Varsity
Fine Arts,University View
Fine Arts,The Varsity
Fine Arts,The Varsity
Architecture,Terrapin Row 
Architecture,Terrapin Row 
Architecture,South Campus Commons
Architecture,South Campus Commons
Architecture,Terrapin Row 
Architecture,Terrapin Row 
Architecture,South Campus Commons
Architecture,South Campus Commons
Architecture,South Campus Commons
Architecture,Terrapin Row
Architecture,Terrapin
Architecture,South Campus Commons
Architecture,South Campus Commons
Architecture,Terrapin Row 
Architecture,Terrapin Row 
Architecture,South Campus Commons
Architecture,South Campus Commons
Architecture,Terrapin Row 
Architecture,Terrapin Row 
Architecture,South Campus Commons